insert into spree_sections( id, site_id, root_id, parent_id, lft, rgt, title, slug, section_piece_id, section_piece_instance, is_enabled, global_events, subscribed_global_events, content_param, for_terminal, `usage`) values ( '155', '0', '155', NULL, '445', '448', 'fixed container', 'fixed-container', '2', '1', '1', '', '', '0', '0', 'container' ),('156', '0', '155', '155', '446', '447', '', '--91', '69', '1', '1', '', '', '0', '0', NULL);


insert into spree_section_params(id, section_root_id, section_id, section_piece_param_id, default_value, is_enabled, disabled_ha_ids, created_at, updated_at) values ( '709', '155', '155', '13', '--- {}\n', '1', '', '2014-12-08 09:09:26', '2014-12-08 09:09:26' ),('710', '155', '155', '15', '---\n\'101\': float:left\n101unset: \'0\'\n\'15\': height:100px\n15unset: \'0\'\n', '1', '', '2014-12-08 09:09:26', '2014-12-08 09:09:26'),('711', '155', '155', '16', '---\n15hidden: \'1\'\n21hidden: \'1\'\n', '1', '', '2014-12-08 09:09:26', '2015-01-24 15:17:08'),('712', '155', '155', '31', '--- {}\n', '1', '', '2014-12-08 09:09:26', '2014-12-08 09:09:26'),('713', '155', '155', '35', '--- {}\n', '1', '', '2014-12-08 09:09:26', '2014-12-08 09:09:26'),('714', '155', '155', '131', '--- {}\n', '1', '', '2014-12-08 09:09:26', '2015-04-06 02:57:25'),('715', '155', '155', '132', '--- {}\n', '1', '', '2014-12-08 09:09:26', '2015-04-06 02:57:26'),('716', '155', '156', '153', '--- {}\n', '1', '', '2014-12-08 09:09:26', '2014-12-08 09:09:26');


insert into spree_param_values(id, page_layout_root_id, page_layout_id, section_param_id, theme_id, pvalue, unset, computed_pvalue, created_at, updated_at) values('7559', '64', '694', '709', '2', '--- {}\n', NULL, NULL, '2014-12-08 12:33:27', '2014-12-08 12:33:27'),('7560', '64', '694', '710', '2', '---\n\'101\': float:left\n101unset: \'0\'\n\'15\': height:100px\n15unset: \'1\'\n', NULL, NULL, '2014-12-08 12:33:27', '2014-12-08 12:38:20'),('7561', '64', '694', '711', '2', '---\n15hidden: \'1\'\n32unset: \'0\'\n\'32\': padding:0px 6px 0px 0px\n21hidden: \'1\'\n', NULL, NULL, '2014-12-08 12:33:27', '2015-01-24 15:17:08'),('7562', '64', '694', '712', '2', '--- {}\n', NULL, NULL, '2014-12-08 12:33:27', '2014-12-08 12:33:27'),('7563', '64', '694', '713', '2', '--- {}\n', NULL, NULL, '2014-12-08 12:33:27', '2014-12-08 12:33:27'),('7564', '64', '694', '714', '2', '--- {}\n', NULL, NULL, '2014-12-08 12:33:27', '2014-12-08 12:33:27'),('7565', '64', '694', '715', '2', '--- {}\n', NULL, NULL, '2014-12-08 12:33:27', '2014-12-08 12:33:27'),('7566', '64', '694', '716', '2', '---\n40unset: \'0\'\n\'40\': right:0px\n33unset: \'0\'\n\'33\': bottom:160px\n', NULL, NULL, '2014-12-08 12:33:27', '2015-03-25 12:55:53')

insert into spree_param_values(id, page_layout_root_id, page_layout_id, section_param_id, theme_id, pvalue, unset, computed_pvalue, created_at, updated_at) values('8463', '697', '796', '709', '28', '--- {}\n', NULL, NULL, '2015-03-21 07:39:34', '2015-03-21 07:39:34'),('8464', '697', '796', '710', '28', '---\n\'101\': float:left\n101unset: \'0\'\n\'15\': height:100px\n15unset: \'1\'\n', NULL, NULL, '2015-03-21 07:39:34', '2015-03-21 07:45:40'),('8465', '697', '796', '711', '28', '---\n15hidden: \'1\'\n21hidden: \'1\'\n', NULL, NULL, '2015-03-21 07:39:34', '2015-03-21 07:39:34'),('8466', '697', '796', '712', '28', '--- {}\n', NULL, NULL, '2015-03-21 07:39:34', '2015-03-21 07:39:34'),('8467', '697', '796', '713', '28', '--- {}\n', NULL, NULL, '2015-03-21 07:39:34', '2015-03-21 07:39:34'),('8468', '697', '796', '714', '28', '--- {}\n', NULL, NULL, '2015-03-21 07:39:34', '2015-03-21 07:39:34'),('8469', '697', '796', '715', '28', '--- {}\n', NULL, NULL, '2015-03-21 07:39:34', '2015-03-21 07:39:34'),('8470', '697', '796', '716', '28', '---\n40unset: \'0\'\n\'40\': right:0px\n33unset: \'0\'\n\'33\': bottom:120px\n41unset: \'1\'\n\'41\': top:60px\n', NULL, NULL, '2015-03-21 07:39:34', '2015-03-21 09:39:03');

insert into spree_param_values(id, page_layout_root_id, page_layout_id, section_param_id, theme_id, pvalue, unset, computed_pvalue, created_at, updated_at) values('8209', '697', '770', '709', '28', '--- {}\n', NULL, NULL, '2015-02-08 12:11:50', '2015-02-08 12:11:50'),('8210', '697', '770', '710', '28', '---\n\'101\': float:left\n101unset: \'0\'\n\'15\': height:120px\n15unset: \'0\'\n', NULL, NULL, '2015-02-08 12:11:50', '2015-02-08 12:18:04'),('8211', '697', '770', '711', '28', '---\n15hidden: \'1\'\n21hidden: \'1\'\n15unset: \'0\'\n\'15\': height:120px\n', NULL, NULL, '2015-02-08 12:11:50', '2015-02-08 12:18:05'),('8212', '697', '770', '712', '28', '---\n2unset: \'0\'\n\'2\': background-color:#252525\n', NULL, NULL, '2015-02-08 12:11:50', '2015-02-08 12:37:41'),('8213', '697', '770', '713', '28', '--- {}\n', NULL, NULL, '2015-02-08 12:11:50', '2015-02-08 12:11:50'),('8214', '697', '770', '714', '28', '--- {}\n', NULL, NULL, '2015-02-08 12:11:50', '2015-02-08 12:11:50'),('8215', '697', '770', '715', '28', '--- {}\n', NULL, NULL, '2015-02-08 12:11:50', '2015-02-08 12:11:50'),('8216', '697', '770', '716', '28', '---\n41unset: \'0\'\n\'41\': top:0px\n40unset: \'0\'\n\'40\': right:0px\n35unset: \'0\'\n\'35\': left:0px\n', NULL, NULL, '2015-02-08 12:11:50', '2015-02-08 12:19:31');

insert into spree_param_values(id, page_layout_root_id, page_layout_id, section_param_id, theme_id, pvalue, unset, computed_pvalue, created_at, updated_at) values('10363', '883', '1005', '709', '32', '--- {}\n', NULL, NULL, '2015-04-12 09:08:45', '2015-04-12 09:08:45'),('10364', '883', '1005', '710', '32', '---\n\'101\': float:left\n101unset: \'0\'\n\'15\': height:100px\n15unset: \'1\'\n', NULL, NULL, '2015-04-12 09:08:45', '2015-04-12 09:12:48'),('10365', '883', '1005', '711', '32', '---\n15hidden: \'1\'\n21hidden: \'1\'\n32unset: \'0\'\n\'32\': padding:0px 5px 0px 5px\n', NULL, NULL, '2015-04-12 09:08:45', '2015-04-15 08:25:46'),('10366', '883', '1005', '712', '32', '---\n2unset: \'0\'\n\'2\': background-color:#2ea7e0\n', NULL, NULL, '2015-04-12 09:08:45', '2015-04-12 09:10:20'),('10367', '883', '1005', '713', '32', '--- {}\n', NULL, NULL, '2015-04-12 09:08:45', '2015-04-12 09:08:45'),('10368', '883', '1005', '714', '32', '--- {}\n', NULL, NULL, '2015-04-12 09:08:45', '2015-04-12 09:08:45'),('10369', '883', '1005', '715', '32', '--- {}\n', NULL, NULL, '2015-04-12 09:08:45', '2015-04-12 09:08:45'),('10370', '883', '1005', '716', '32', '---\n33unset: \'0\'\n\'33\': bottom:0px\n35unset: \'0\'\n\'35\': left:0px\n40unset: \'0\'\n\'40\': right:0px\n', NULL, NULL, '2015-04-12 09:08:45', '2015-04-12 09:15:00');
